"customer_id","contact_name","city","country","total_revenue","spending_tier"
"QUICK","Horst Kloss","Cunewalde","Germany",110277,"high"
"ERNSH","Roland Mendel","Graz","Austria",104875,"high"
"SAVEA","Jose Pavarotti","Boise","USA",104362,"high"
"RATTC","Paula Wilson","Albuquerque","USA",51098,"high"
"HUNGO","Patricia McKenna","Cork","Ireland",49980,"high"
"HANAR","Mario Pontes","Rio de Janeiro","Brazil",32841,"high"
"KOENE","Philip Cramer","Brandenburg","Germany",30908,"high"
"FOLKO","Maria Larsson","Bräcke","Sweden",29568,"high"
"MEREP","Jean Fresnière","Montréal","Canada",28872,"high"
"WHITC","Karl Jablonski","Seattle","USA",27364,"high"
"FRANK","Peter Franken","München","Germany",26657,"high"
"QUEEN","Lúcia Carvalho","Sao Paulo","Brazil",25717,"high"
"BERGS","Christina Berglund","Luleå","Sweden",24928,"high"
"SUPRD","Pascale Cartrain","Charleroi","Belgium",24089,"high"
"PICCO","Georg Pipps","Salzburg","Austria",23129,"high"
"HILAA","Carlos Hernández","San Cristóbal","Venezuela",22769,"high"
"BONAP","Laurence Lebihan","Marseille","France",21963,"high"
"BOTTM","Elizabeth Lincoln","Tsawassen","Canada",20802,"high"
"RICSU","Michael Holz","Genève","Switzerland",19344,"high"
"LEHMS","Renate Messner","Frankfurt a.M.","Germany",19261,"high"
"BLONP","Frédérique Citeaux","Strasbourg","France",18534,"high"
"GREAL","Howard Snyder","Eugene","USA",18507,"high"
"SIMOB","Jytte Petersen","Kobenhavn","Denmark",16817,"high"
"LINOD","Felipe Izquierdo","I. de Margarita","Venezuela",16477,"medium"
"SEVES","Hari Kumar","London","UK",16215,"medium"
"LILAS","Carlos González","Barquisimeto","Venezuela",16077,"medium"
"VAFFE","Palle Ibsen","Århus","Denmark",15844,"medium"
"WARTH","Pirkko Koskitalo","Oulu","Finland",15649,"medium"
"OLDWO","Rene Phillips","Anchorage","USA",15177,"medium"
"EASTC","Ann Devon","London","UK",14761,"medium"
"AROUT","Thomas Hardy","London","UK",13391,"medium"
"OTTIK","Henriette Pfalzheim","Köln","Germany",12496,"medium"
"RICAR","Janete Limeira","Rio de Janeiro","Brazil",12451,"medium"
"CHOPS","Yang Wang","Bern","Switzerland",12349,"medium"
"FOLIG","Martine Rancé","Lille","France",11667,"medium"
"GODOS","José Pedro Freyre","Sevilla","Spain",11446,"medium"
"SPLIR","Art Braunschweiger","Lander","USA",11442,"medium"
"TORTU","Miguel Angel Paolino","México D.F.","Mexico",10812,"medium"
"MAISD","Catherine Dewey","Bruxelles","Belgium",9736,"medium"
"WANDK","Rita Müller","Stuttgart","Germany",9588,"medium"
"LAMAI","Annette Roulet","Toulouse","France",9328,"medium"
"VICTE","Mary Saveley","Lyon","France",9182,"medium"
"GOURL","André Fonseca","Campinas","Brazil",8414,"medium"
"MAGAA","Giovanni Rovelli","Bergamo","Italy",7176,"medium"
"REGGC","Maurizio Moroni","Reggio Emilia","Italy",7048,"medium"
"ANTON","Antonio Moreno","México D.F.","Mexico",7024,"low"
"TRADH","Anabela Domingues","Sao Paulo","Brazil",6851,"low"
"QUEDE","Bernardo Batista","Rio de Janeiro","Brazil",6665,"low"
"FURIB","Lino Rodriguez","Lisboa","Portugal",6427,"low"
"ISLAT","Helen Bennett","Cowes","UK",6146,"low"
"BSBEV","Victoria Ashworth","London","UK",6090,"low"
"WELLI","Paula Parente","Resende","Brazil",6068,"low"
"SANTG","Jonas Bergulfsen","Stavern","Norway",5735,"low"
"PRINI","Isabel de Castro","Lisboa","Portugal",5045,"low"
"MORGK","Alexander Feuer","Leipzig","Germany",5042,"low"
"TOMSP","Karin Josephs","Münster","Germany",4778,"low"
"ALFKI","Maria Anders","Berlin","Germany",4273,"low"
"LONEP","Fran Wilson","Portland","USA",4259,"low"
"PERIC","Guillermo Fernández","México D.F.","Mexico",4242,"low"
"BOLID","Martín Sommer","Madrid","Spain",4233,"low"
"FAMIA","Aria Cruz","Sao Paulo","Brazil",4108,"low"
"COMMI","Pedro Afonso","Sao Paulo","Brazil",3811,"low"
"DRACD","Sven Ottlieb","Aachen","Germany",3763,"low"
"WOLZA","Zbyszek Piestrzeniewicz","Warszawa","Poland",3532,"low"
"OCEAN","Yvonne Moncada","Buenos Aires","Argentina",3460,"low"
"THEBI","Liz Nixon","Portland","USA",3361,"low"
"BLAUS","Hanna Moos","Mannheim","Germany",3240,"low"
"FRANR","Carine Schmitt","Nantes","France",3172,"low"
"WILMK","Matti Karttunen","Helsinki","Finland",3161,"low"
"LETSS","Jaime Yorres","San Francisco","USA",3076,"low"
"HUNGC","Yoshi Latimer","Elgin","USA",3063,"low"
"RANCH","Sergio Gutiérrez","Buenos Aires","Argentina",2844,"low"
"SPECD","Dominique Perrier","Paris","France",2423,"low"
"LACOR","Daniel Tonini","Versailles","France",1992,"low"
"THECR","Liu Wong","Butte","USA",1947,"low"
"CACTU","Patricio Simpson","Buenos Aires","Argentina",1815,"low"
"CONSH","Elizabeth Brown","London","UK",1719,"low"
"DUMON","Janine Labrune","Nantes","France",1616,"low"
"TRAIH","Helvetius Nagy","Kirkland","USA",1571,"low"
"FRANS","Paolo Accorti","Torino","Italy",1546,"low"
"GROSR","Manuel Pereira","Caracas","Venezuela",1489,"low"
"VINET","Paul Henriot","Reims","France",1480,"low"
"ROMEY","Alejandra Camino","Madrid","Spain",1467,"low"
"ANATR","Ana Trujillo","México D.F.","Mexico",1403,"low"
"GALED","Eduardo Saavedra","Barcelona","Spain",837,"low"
"NORTS","Simon Crowther","London","UK",649,"low"
"LAUGB","Yoshi Tannamuri","Vancouver","Canada",522,"low"
"LAZYK","John Steel","Walla Walla","USA",357,"low"
"CENTC","Francisco Chang","México D.F.","Mexico",101,"low"
"PARIS","Marie Bertrand","Paris","France",NULL,"low"
"FISSA","Diego Roel","Madrid","Spain",NULL,"low"
